/home/ubuntu/vert-fse-24/replication_package/benchmark/go_transcoder/WRITE_ONE_LINE_C_FUNCTION_TO_FIND_WHETHER_A_NO_IS_POWER_OF_TWO/out-rwasm-bolero,65.0%,25.1%
/home/ubuntu/vert-fse-24/replication_package/benchmark/go_transcoder/SUM_MATRIX_ELEMENT_ABSOLUTE_DIFFERENCE_ROW_COLUMN_NUMBERS_2/out-rwasm-bolero,73.7%,29.7%
/home/ubuntu/vert-fse-24/replication_package/benchmark/go_transcoder/NUMBER_NON_NEGATIVE_INTEGRAL_SOLUTIONS_B_C_N_1/out-rwasm-bolero,61.2%,20.7%
/home/ubuntu/vert-fse-24/replication_package/benchmark/go_transcoder/POSITION_OF_RIGHTMOST_SET_BIT_1/out-rwasm-bolero,69.5%,26.9%
/home/ubuntu/vert-fse-24/replication_package/benchmark/go_transcoder/ADD_1_TO_A_GIVEN_NUMBER/out-rwasm-bolero,67.6%,26.5%
/home/ubuntu/vert-fse-24/replication_package/benchmark/go_transcoder/SQUARE_PYRAMIDAL_NUMBER_SUM_SQUARES/out-rwasm-bolero,71.4%,28.7%
/home/ubuntu/vert-fse-24/replication_package/benchmark/go_transcoder/EFFICIENT_WAY_TO_MULTIPLY_WITH_7/out-rwasm-bolero,58.0%,18.8%
/home/ubuntu/vert-fse-24/replication_package/benchmark/go_transcoder/PROGRAM_AREA_SQUARE/out-rwasm-bolero,57.8%,19.1%
/home/ubuntu/vert-fse-24/replication_package/benchmark/go_transcoder/TRIANGULAR_MATCHSTICK_NUMBER/out-rwasm-bolero,61.2%,20.7%
/home/ubuntu/vert-fse-24/replication_package/benchmark/go_transcoder/MULTIPLY_AN_INTEGER_WITH_3_5/out-rwasm-bolero,61.4%,21.1%
/home/ubuntu/vert-fse-24/replication_package/benchmark/go_transcoder/COMPOSITE_NUMBER/out-rwasm-bolero,78.4%,36.1%
/home/ubuntu/vert-fse-24/replication_package/benchmark/go_transcoder/FIND_SUM_EVEN_INDEX_BINOMIAL_COEFFICIENTS_1/out-rwasm-bolero,57.8%,18.4%
/home/ubuntu/vert-fse-24/replication_package/benchmark/go_transcoder/SUM_BINOMIAL_COEFFICIENTS_1/out-rwasm-bolero,56.0%,17.4%
/home/ubuntu/vert-fse-24/replication_package/benchmark/go_transcoder/PYTHON_PROGRAM_FIND_PERIMETER_CIRCUMFERENCE_SQUARE_RECTANGLE/out-rwasm-bolero,56.0%,17.4%
/home/ubuntu/vert-fse-24/replication_package/benchmark/go_transcoder/ZECKENDORFS_THEOREM_NON_NEIGHBOURING_FIBONACCI_REPRESENTATION/out-rwasm-bolero,71.6%,29.3%
/home/ubuntu/vert-fse-24/replication_package/benchmark/go_transcoder/N_TH_TERM_SERIES_2_12_36_80_150/out-rwasm-bolero,61.8%,21.5%
/home/ubuntu/vert-fse-24/replication_package/benchmark/go_transcoder/GCD_ELEMENTS_GIVEN_RANGE/out-rwasm-bolero,61.7%,20.7%
/home/ubuntu/vert-fse-24/replication_package/benchmark/go_transcoder/COUNT_TRAILING_ZEROES_FACTORIAL_NUMBER/out-rwasm-bolero,70.2%,28.1%
/home/ubuntu/vert-fse-24/replication_package/benchmark/go_transcoder/ROUND_THE_GIVEN_NUMBER_TO_NEAREST_MULTIPLE_OF_10/out-rwasm-bolero,70.8%,27.9%
/home/ubuntu/vert-fse-24/replication_package/benchmark/go_transcoder/SWAP_TWO_NIBBLES_BYTE/out-rwasm-bolero,63.0%,21.5%
/home/ubuntu/vert-fse-24/replication_package/benchmark/go_transcoder/SUM_K_TH_GROUP_ODD_POSITIVE_NUMBERS_1/out-rwasm-bolero,58.2%,19.1%
/home/ubuntu/vert-fse-24/replication_package/benchmark/go_transcoder/MAXIMIZE_VOLUME_CUBOID_GIVEN_SUM_SIDES_1/out-rwasm-bolero,68.8%,27.0%
/home/ubuntu/vert-fse-24/replication_package/benchmark/go_transcoder/SQUARED_TRIANGULAR_NUMBER_SUM_CUBES/out-rwasm-bolero,72.3%,29.3%
/home/ubuntu/vert-fse-24/replication_package/benchmark/go_transcoder/PRIMALITY_TEST_SET_1_INTRODUCTION_AND_SCHOOL_METHOD_1/out-rwasm-bolero,78.4%,36.1%
/home/ubuntu/vert-fse-24/replication_package/benchmark/go_transcoder/ADD_1_TO_A_GIVEN_NUMBER_1/out-rwasm-bolero,57.8%,18.1%
/home/ubuntu/vert-fse-24/replication_package/benchmark/c_transcoder/WRITE_ONE_LINE_C_FUNCTION_TO_FIND_WHETHER_A_NO_IS_POWER_OF_TWO/out-rwasm-bolero,65.0%,25.1%
/home/ubuntu/vert-fse-24/replication_package/benchmark/c_transcoder/SUM_MATRIX_ELEMENT_ABSOLUTE_DIFFERENCE_ROW_COLUMN_NUMBERS_2/out-rwasm-bolero,73.7%,29.7%
/home/ubuntu/vert-fse-24/replication_package/benchmark/c_transcoder/NUMBER_NON_NEGATIVE_INTEGRAL_SOLUTIONS_B_C_N_1/out-rwasm-bolero,61.2%,20.7%
/home/ubuntu/vert-fse-24/replication_package/benchmark/c_transcoder/POSITION_OF_RIGHTMOST_SET_BIT_1/out-rwasm-bolero,69.5%,26.9%
/home/ubuntu/vert-fse-24/replication_package/benchmark/c_transcoder/ADD_1_TO_A_GIVEN_NUMBER/out-rwasm-bolero,67.6%,26.5%
/home/ubuntu/vert-fse-24/replication_package/benchmark/c_transcoder/SQUARE_PYRAMIDAL_NUMBER_SUM_SQUARES/out-rwasm-bolero,71.4%,28.7%
/home/ubuntu/vert-fse-24/replication_package/benchmark/c_transcoder/EFFICIENT_WAY_TO_MULTIPLY_WITH_7/out-rwasm-bolero,58.0%,18.8%
/home/ubuntu/vert-fse-24/replication_package/benchmark/c_transcoder/PROGRAM_AREA_SQUARE/out-rwasm-bolero,57.8%,19.1%
/home/ubuntu/vert-fse-24/replication_package/benchmark/c_transcoder/TRIANGULAR_MATCHSTICK_NUMBER/out-rwasm-bolero,61.2%,20.7%
/home/ubuntu/vert-fse-24/replication_package/benchmark/c_transcoder/MULTIPLY_AN_INTEGER_WITH_3_5/out-rwasm-bolero,61.4%,21.1%
/home/ubuntu/vert-fse-24/replication_package/benchmark/c_transcoder/COMPOSITE_NUMBER/out-rwasm-bolero,78.4%,36.1%
/home/ubuntu/vert-fse-24/replication_package/benchmark/c_transcoder/FIND_SUM_EVEN_INDEX_BINOMIAL_COEFFICIENTS_1/out-rwasm-bolero,57.8%,18.4%
/home/ubuntu/vert-fse-24/replication_package/benchmark/c_transcoder/SUM_BINOMIAL_COEFFICIENTS_1/out-rwasm-bolero,56.0%,17.4%
/home/ubuntu/vert-fse-24/replication_package/benchmark/c_transcoder/PYTHON_PROGRAM_FIND_PERIMETER_CIRCUMFERENCE_SQUARE_RECTANGLE/out-rwasm-bolero,56.0%,17.4%
/home/ubuntu/vert-fse-24/replication_package/benchmark/c_transcoder/ZECKENDORFS_THEOREM_NON_NEIGHBOURING_FIBONACCI_REPRESENTATION/out-rwasm-bolero,71.6%,29.3%
/home/ubuntu/vert-fse-24/replication_package/benchmark/c_transcoder/N_TH_TERM_SERIES_2_12_36_80_150/out-rwasm-bolero,61.8%,21.5%
/home/ubuntu/vert-fse-24/replication_package/benchmark/c_transcoder/GCD_ELEMENTS_GIVEN_RANGE/out-rwasm-bolero,61.7%,20.7%
/home/ubuntu/vert-fse-24/replication_package/benchmark/c_transcoder/COUNT_TRAILING_ZEROES_FACTORIAL_NUMBER/out-rwasm-bolero,70.2%,28.1%
/home/ubuntu/vert-fse-24/replication_package/benchmark/c_transcoder/ROUND_THE_GIVEN_NUMBER_TO_NEAREST_MULTIPLE_OF_10/out-rwasm-bolero,70.8%,27.9%
/home/ubuntu/vert-fse-24/replication_package/benchmark/c_transcoder/SWAP_TWO_NIBBLES_BYTE/out-rwasm-bolero,63.0%,21.5%
/home/ubuntu/vert-fse-24/replication_package/benchmark/c_transcoder/SUM_K_TH_GROUP_ODD_POSITIVE_NUMBERS_1/out-rwasm-bolero,58.2%,19.1%
/home/ubuntu/vert-fse-24/replication_package/benchmark/c_transcoder/MAXIMIZE_VOLUME_CUBOID_GIVEN_SUM_SIDES_1/out-rwasm-bolero,68.8%,27.0%
/home/ubuntu/vert-fse-24/replication_package/benchmark/c_transcoder/SQUARED_TRIANGULAR_NUMBER_SUM_CUBES/out-rwasm-bolero,72.3%,29.3%
/home/ubuntu/vert-fse-24/replication_package/benchmark/c_transcoder/PRIMALITY_TEST_SET_1_INTRODUCTION_AND_SCHOOL_METHOD_1/out-rwasm-bolero,78.4%,36.1%
/home/ubuntu/vert-fse-24/replication_package/benchmark/c_transcoder/SUM_OF_ALL_ELEMENTS_UP_TO_NTH_ROW_IN_A_PASCALS_TRIANGLE_1/out-rwasm-bolero,60.9%,20.5%
/home/ubuntu/vert-fse-24/replication_package/benchmark/c_transcoder/ADD_1_TO_A_GIVEN_NUMBER_1/out-rwasm-bolero,57.8%,18.1%
/home/ubuntu/vert-fse-24/replication_package/benchmark/cpp_transcoder/WRITE_ONE_LINE_C_FUNCTION_TO_FIND_WHETHER_A_NO_IS_POWER_OF_TWO/out-rwasm-bolero,64.9%,25.4%
/home/ubuntu/vert-fse-24/replication_package/benchmark/cpp_transcoder/NTH_NON_FIBONACCI_NUMBER/out-rwasm-bolero,76.0%,31.7%
/home/ubuntu/vert-fse-24/replication_package/benchmark/cpp_transcoder/FIND_WHETHER_A_GIVEN_NUMBER_IS_A_POWER_OF_4_OR_NOT_1/out-rwasm-bolero,50.9%,16.7%
/home/ubuntu/vert-fse-24/replication_package/benchmark/cpp_transcoder/SUM_MATRIX_ELEMENT_ABSOLUTE_DIFFERENCE_ROW_COLUMN_NUMBERS_2/out-rwasm-bolero,73.7%,29.7%
/home/ubuntu/vert-fse-24/replication_package/benchmark/cpp_transcoder/PROGRAM_BINARY_DECIMAL_CONVERSION/out-rwasm-bolero,71.8%,29.7%
/home/ubuntu/vert-fse-24/replication_package/benchmark/cpp_transcoder/FIND_FIRST_NATURAL_NUMBER_WHOSE_FACTORIAL_DIVISIBLE_X/out-rwasm-bolero,70.0%,28.8%
/home/ubuntu/vert-fse-24/replication_package/benchmark/cpp_transcoder/NUMBER_NON_NEGATIVE_INTEGRAL_SOLUTIONS_B_C_N_1/out-rwasm-bolero,61.2%,20.7%
/home/ubuntu/vert-fse-24/replication_package/benchmark/cpp_transcoder/POSITION_OF_RIGHTMOST_SET_BIT_1/out-rwasm-bolero,69.5%,26.9%
/home/ubuntu/vert-fse-24/replication_package/benchmark/cpp_transcoder/MAXIMUM_POINTS_INTERSECTION_N_CIRCLES/out-rwasm-bolero,58.0%,18.6%
/home/ubuntu/vert-fse-24/replication_package/benchmark/cpp_transcoder/ADD_1_TO_A_GIVEN_NUMBER/out-rwasm-bolero,67.6%,26.5%
/home/ubuntu/vert-fse-24/replication_package/benchmark/cpp_transcoder/SQUARE_PYRAMIDAL_NUMBER_SUM_SQUARES/out-rwasm-bolero,71.4%,28.7%
/home/ubuntu/vert-fse-24/replication_package/benchmark/cpp_transcoder/CHECK_WHETHER_GIVEN_NUMBER_EVEN_ODD/out-rwasm-bolero,60.7%,20.5%
/home/ubuntu/vert-fse-24/replication_package/benchmark/cpp_transcoder/FIND_WHETHER_GIVEN_INTEGER_POWER_3_NOT/out-rwasm-bolero,61.3%,19.9%
/home/ubuntu/vert-fse-24/replication_package/benchmark/cpp_transcoder/PROGRAM_AREA_SQUARE/out-rwasm-bolero,57.8%,19.1%
/home/ubuntu/vert-fse-24/replication_package/benchmark/cpp_transcoder/TRIANGULAR_MATCHSTICK_NUMBER/out-rwasm-bolero,61.2%,20.7%
/home/ubuntu/vert-fse-24/replication_package/benchmark/cpp_transcoder/COMPOSITE_NUMBER/out-rwasm-bolero,78.4%,36.1%
/home/ubuntu/vert-fse-24/replication_package/benchmark/cpp_transcoder/FIND_SUM_EVEN_INDEX_BINOMIAL_COEFFICIENTS_1/out-rwasm-bolero,57.8%,18.4%
/home/ubuntu/vert-fse-24/replication_package/benchmark/cpp_transcoder/SUM_BINOMIAL_COEFFICIENTS_1/out-rwasm-bolero,56.0%,17.4%
/home/ubuntu/vert-fse-24/replication_package/benchmark/cpp_transcoder/MAXIMUM_NUMBER_2X2_SQUARES_CAN_FIT_INSIDE_RIGHT_ISOSCELES_TRIANGLE/out-rwasm-bolero,65.2%,23.9%
/home/ubuntu/vert-fse-24/replication_package/benchmark/cpp_transcoder/PYTHON_PROGRAM_FIND_PERIMETER_CIRCUMFERENCE_SQUARE_RECTANGLE/out-rwasm-bolero,56.0%,17.4%
/home/ubuntu/vert-fse-24/replication_package/benchmark/cpp_transcoder/ZECKENDORFS_THEOREM_NON_NEIGHBOURING_FIBONACCI_REPRESENTATION/out-rwasm-bolero,71.6%,29.3%
/home/ubuntu/vert-fse-24/replication_package/benchmark/cpp_transcoder/PYTHAGOREAN_QUADRUPLE/out-rwasm-bolero,70.8%,27.9%
/home/ubuntu/vert-fse-24/replication_package/benchmark/cpp_transcoder/N_TH_TERM_SERIES_2_12_36_80_150/out-rwasm-bolero,61.8%,21.5%
/home/ubuntu/vert-fse-24/replication_package/benchmark/cpp_transcoder/SPLIT_N_MAXIMUM_COMPOSITE_NUMBERS/out-rwasm-bolero,81.7%,37.0%
/home/ubuntu/vert-fse-24/replication_package/benchmark/cpp_transcoder/HEXAGONAL_NUMBER/out-rwasm-bolero,59.7%,19.7%
/home/ubuntu/vert-fse-24/replication_package/benchmark/cpp_transcoder/NTH_PENTAGONAL_NUMBER/out-rwasm-bolero,61.4%,21.1%
/home/ubuntu/vert-fse-24/replication_package/benchmark/cpp_transcoder/GCD_ELEMENTS_GIVEN_RANGE/out-rwasm-bolero,61.6%,20.7%
/home/ubuntu/vert-fse-24/replication_package/benchmark/cpp_transcoder/CHECK_WHETHER_GIVEN_NUMBER_EVEN_ODD_1/out-rwasm-bolero,62.1%,20.3%
/home/ubuntu/vert-fse-24/replication_package/benchmark/cpp_transcoder/PROGRAM_OCTAL_DECIMAL_CONVERSION/out-rwasm-bolero,71.8%,29.7%
/home/ubuntu/vert-fse-24/replication_package/benchmark/cpp_transcoder/FIND_INDEX_GIVEN_FIBONACCI_NUMBER_CONSTANT_TIME/out-rwasm-bolero,74.9%,31.6%
/home/ubuntu/vert-fse-24/replication_package/benchmark/cpp_transcoder/COUNT_TRAILING_ZEROES_FACTORIAL_NUMBER/out-rwasm-bolero,70.1%,28.1%
/home/ubuntu/vert-fse-24/replication_package/benchmark/cpp_transcoder/ROUND_THE_GIVEN_NUMBER_TO_NEAREST_MULTIPLE_OF_10/out-rwasm-bolero,71.0%,27.9%
/home/ubuntu/vert-fse-24/replication_package/benchmark/cpp_transcoder/COUNT_STRINGS_CAN_FORMED_USING_B_C_GIVEN_CONSTRAINTS_1/out-rwasm-bolero,65.5%,23.8%
/home/ubuntu/vert-fse-24/replication_package/benchmark/cpp_transcoder/SWAP_TWO_NIBBLES_BYTE/out-rwasm-bolero,63.0%,21.5%
/home/ubuntu/vert-fse-24/replication_package/benchmark/cpp_transcoder/SUM_K_TH_GROUP_ODD_POSITIVE_NUMBERS_1/out-rwasm-bolero,58.2%,19.1%
/home/ubuntu/vert-fse-24/replication_package/benchmark/cpp_transcoder/MAXIMIZE_VOLUME_CUBOID_GIVEN_SUM_SIDES_1/out-rwasm-bolero,68.8%,27.0%
/home/ubuntu/vert-fse-24/replication_package/benchmark/cpp_transcoder/SUM_SERIES_12_32_52_2N_12_1/out-rwasm-bolero,65.4%,23.6%
/home/ubuntu/vert-fse-24/replication_package/benchmark/cpp_transcoder/CASSINIS_IDENTITY/out-rwasm-bolero,61.9%,19.9%
/home/ubuntu/vert-fse-24/replication_package/benchmark/cpp_transcoder/AREA_SQUARE_CIRCUMSCRIBED_CIRCLE/out-rwasm-bolero,58.0%,18.8%
/home/ubuntu/vert-fse-24/replication_package/benchmark/cpp_transcoder/SQUARED_TRIANGULAR_NUMBER_SUM_CUBES/out-rwasm-bolero,72.2%,29.3%
/home/ubuntu/vert-fse-24/replication_package/benchmark/cpp_transcoder/PRIMALITY_TEST_SET_1_INTRODUCTION_AND_SCHOOL_METHOD_1/out-rwasm-bolero,78.4%,36.1%
/home/ubuntu/vert-fse-24/replication_package/benchmark/cpp_transcoder/SUM_OF_ALL_ELEMENTS_UP_TO_NTH_ROW_IN_A_PASCALS_TRIANGLE_1/out-rwasm-bolero,60.9%,20.5%
